設問,選択肢1,選択肢2,選択肢3,選択肢4,選択肢5,正解番号,解説,分野,年度,難易度
[A1] JIS規格診断用MR装置用ファントムの構成部品を図に示す。zに直交する面（xy面）の撮影で点検する項目はどれか。,均一性,空間分解能,スライス厚,幾何学的ひずみ,画像コントラスト,3,,診療画像検査学,第77回(2025),普通
[A2] MRIと関連事項の組合せで正しいのはどれか。,拡散強調像 — TOF法,脂肪抑制法 — b値,非造影灌流MRI — ASL〈arterial spin labeling〉,MR hydrography BOLD効果,functional MRI化学シフト,3,,診療画像検査学,第77回(2025),普通
[A3] 超音波検査用造影剤（ペルフルブタン）で正しいのはどれか。,主に呼気中に排泄される。,気泡径は10 nm程度である。,クッパー細胞には取り込まれない。,腎機能障害のある患者には禁忌である。,体重50 kgの患者には100 mL程度を静注する。,1,,診療画像検査学,第77回(2025),普通
[A4] 無散瞳眼底写真撮影で正しいのはどれか。,明室では撮影できない。,観察光には赤外線を用いる。,黄斑部と視神経乳頭を重ねて撮影する。,画角を大きくすると撮影範囲は狭くなる。,瞳孔径が5 mm以上なければ撮影できない。,2,,診療画像検査学,第77回(2025),普通
[A5] 乳房のMR像を別に示す。この画像で正しいのはどれか。【別冊No.1 図】,T1強調像である。,位相方向は前後方向である。,脂肪抑制法が併用されている。,右乳房腫瘤は骨格筋と比較し低信号である。,大動脈の内腔は高信号として描出されている。,3,,診療画像検査学,第77回(2025),普通
[A6] 膝関節MR像を別に示す。正しい組合せはどれか。【別冊No.2 図】,ア — 腓腹筋,イ — 外側広筋,ウ — 内側半月板,エ — 前十字靱帯,オ — 膝蓋靱帯,4,,診療画像検査学,第77回(2025),普通
[A7] 乳房超音波像を別に示す。乳腺組織はどれか。【別冊No.3 図】,ア,イ,ウ,エ,オ,3,,診療画像検査学,第77回(2025),普通
[A8] 急性期脳梗塞の頭部MRIのFLAIR像及び拡散強調像を別に示す。病変の部位はどれか。【別冊No.4A・B 図】,視床,中脳,被殻,小脳虫部,内包前脚,1,,診療画像検査学,第77回(2025),普通
[A9] MRCP像を別に示す。結石が存在するのはどれか。【別冊No.5 図】,主膵管,総肝管,総胆管,左肝管,右肝管,3,,診療画像検査学,第77回(2025),普通
[A10] 同一腫瘤の腹部超音波像とMR像を別に示す。矢印の腫瘤の画像所見から判別できる成分はどれか。【別冊No.6A・B 図】,ガス,血液,脂肪,鉄分,カルシウム,3,,診療画像検査学,第77回(2025),普通
[A11] 放射性核種の分離法で正しいのはどれか。,共沈法は溶解度積の法則を利用する。,電気泳動法はイオン化傾向の差を利用する。,ラジオコロイド法はイオン交換樹脂によるろ過を利用する。,電気化学的分離法はイオン交換体の分布係数の違いを利用する。,Szilard-Chalmers〈ジラード・チャルマー〉法ではRf値の違いを利用する。,1,,核医学検査技術学,第77回(2025),普通
[A12] 99 Mo−99mTcジェネレータで99mTcを溶出するのに用いられるのはどれか。,蒸留水,生理食塩水,5％ブドウ糖液,10％アミノ酸液,0.1 mol/L塩酸水溶液,2,,核医学検査技術学,第77回(2025),普通
[A13] X線CTを用いたSPECT減弱補正でCT値から線減弱係数への変換テーブル作成に関係するのはどれか。2つ選べ。,収集時間,CT管電圧,被検者の体格,放射性医薬品の投与量,放射性核種のエネルギー,"2,5",,核医学検査技術学,第77回(2025),普通
[A14] Silicon photomultiplier〈SiPM〉PET検出器で正しいのはどれか。,冷却が不要である。,磁場の影響を受ける。,光子数を求めることができない。,光電子増倍管より時間分解能が高い。,物理的サイズは光電子増倍管と同等である。,4,,核医学検査技術学,第77回(2025),普通
[A15] PETで正しいのはどれか。,エミッションスキャンは放射性医薬品の投与前に行う。,ノーマライズスキャンは減弱補正のためのデータ収集である。,トランスミッションスキャンは各検出器の感度のばらつきを補正する。,クロスキャリブレーションによって放射能濃度値からPET値（cps/pixel）に変換する。,SUVの算出にはPET装置とドーズキャリブレータとのクロスキャリブレーションが必要である。,5,,核医学検査技術学,第77回(2025),普通
[A16] 脳SPECTで正しいのはどれか。,123I−IMPは主に線条体に集積する。,123I−イオマゼニルは大脳白質に集積する。,123I−イオフルパンは投与後速やかに撮影する。,99mTc−HMPAOは標識後数時間は安定である。,99mTc−ECDは高血流域で血流量を過小評価する。,5,,核医学検査技術学,第77回(2025),普通
[A17] 呼吸器核医学検査で正しいのはどれか。2つ選べ。,99mTc−MAAは脳への生理的集積を認める。,右左シャントが疑われる場合は全身像を撮影する。,肺高血圧症では99mTc−MAAの集積が上肺野で欠損する。,肺塞栓症では81mKrと99mTc−MAAの集積ミスマッチを起こす。,99mTc−MAAの投与時は注射器内への血液の逆流があることを確認する。,"2,4",,核医学検査技術学,第77回(2025),普通
[A18] 肝受容体シンチグラフィの血中滞在率指標を示す式はどれか。ただし、心臓部の時間放射能曲線の3分と15分のカウントをそれぞれH3、H15、肝臓部の時間放射能曲線の15分のカウントをL15とする。,H3/H15,H15/H3,H3/（H3＋H15）,H15/（H15＋L15）,L15/（H15＋L15）,2,,核医学検査技術学,第77回(2025),普通
[A19] 骨シンチグラフィで正しいのはどれか。,骨折では集積が低下する。,骨代謝亢進部位に集積する。,骨肉腫では集積が欠損する。,腸管に生理的集積を認める。,多発骨転移ではbone scan index〈BSI〉が低下する。,2,,核医学検査技術学,第77回(2025),普通
[A20] 核医学治療で使われる核種で物理的半減期が最も短いのはどれか。,89Sr,90Y,131I,177Lu,223Ra,2,,核医学検査技術学,第77回(2025),普通
[A21] 我が国の2022年時点の統計で正しいのはどれか。,死因の第1位は肺炎である。,がんによる死亡数は女性の方が男性よりも多い。,胃がん年齢調整死亡率は2000年と比べて上昇している。,女性の部位別がん死亡数で最も多いのは大腸がんである。,男性の部位別がん死亡数で最も多いのは前立腺がんである。,4,,放射線治療技術学,第77回(2025),普通
[A22] 放射線治療で誤っているのはどれか。,セットアップマージンはPTVに含まれる。,ITVはCTVに内的マージンを加えたものである。,計算アルゴリズムであるconvolution法では非電子平衡を考慮している。,ホウ素中性子捕捉療法で発生する7Liや4Heの体内飛程は2〜3 mmである。,くさびフィルタのウェッジ角度は水ファントム中の10 cm深における等線量曲線と中心軸を横切る角度の余角である。,4,,放射線治療技術学,第77回(2025),普通
[A23] 骨髄移植の前処置で行われる放射線治療はどれか。,全脳照射,マントル照射,全身X線照射,全身電子線照射,全脳全脊髄照射,3,,放射線治療技術学,第77回(2025),普通
[A24] DVHで正しいのはどれか。2つ選べ。,微分型と積分型がある。,肺の障害指標でD20が用いられる。,標的体積内のhot spotやcold spotを評価することができる。,D95は目的とする標的やリスク臓器の95％体積内の最大線量を表す。,V20は目的とする標的やリスク臓器のうち20 Gy以上照射される体積の割合である。,"1,5",,放射線治療技術学,第77回(2025),普通
[A25] 永久挿入密封小線源治療で用いられる線源はどれか。2つ選べ。,60Co,125I,131I,137Cs,198Au,"2,5",,放射線治療技術学,第77回(2025),普通
[A26] 陽子線治療と炭素線治療の比較で正しいのはどれか。,陽子線治療の方がペナンブラが小さい。,炭素線治療の方が生物学的効果比が低い。,炭素線治療の方が線エネルギー付与が高い。,陽子線治療の方が酸素効果の影響が小さい。,炭素線治療の方がブラッグピークにおける核破砕が少ない。,3,,放射線治療技術学,第77回(2025),普通
[A27] 粒子線治療における深さ方向の線量分布を表す量はどれか。,平坦度,電子平衡厚,照射野サイズ,軸外線量比における100％線量,深部量百分率における100％線量,5,,放射線治療技術学,第77回(2025),普通
[A28] 電離箱線量計の特徴で正しいのはどれか。2つ選べ。,アニーリングが必要である。,電離空洞内の温度が高いと電離量は増加する。,電離空洞内の気圧が低いと電離量は増加する。,イオン再結合は電離空洞内の電離密度に依存する。,水吸収線量校正定数は60Coガンマ線を用いた校正が可能である。,"4,5",,放射線治療技術学,第77回(2025),普通
[A29] 電子線のR50で正しいのはどれか。,単位はg/mである。,校正深の計算に必要である。,PDDから直接求めることができる。,質量エネルギー吸収係数を意味する。,測定の基準条件はエネルギーに関わらず照射野サイズ10 cm × 10 cmである。,2,,放射線治療技術学,第77回(2025),普通
[A30] 放射線治療装置の受入試験で正しいのはどれか。2つ選べ。,納入業者のみで実施する。,計算値を実測値で検証する。,コミッショニング後に実施する。,仕様書を満たすことを確認する。,定期的品質管理の基本データを得る。,"4,5",,放射線治療技術学,第77回(2025),普通
[A31] 情報の数の表現で正しいのはどれか。,"1 Gbitは1,024 Mbyteである。",1 byteは10進数の8桁分である。,16進法は0から15までの整数で表す。,アスキーコードは数値データの表現形式である。,"2 byteの符号なし整数型は0から65,535の値を表現できる。",5,,医用画像情報学,第77回(2025),普通
[A32] 診療録等の電子保存の3原則に含まれるのはどれか。2つ選べ。,可用性,完全性,機密性,見読性,真正性,"4,5",,医用画像情報学,第77回(2025),普通
[A33] ファイアウォールの機能で正しいのはどれか。,ログイン時にパスワードを要求する。,通信パケットに含まれるウイルスを駆除する。,ネットワーク間で暗号化された通信だけを許可する。,脆弱性があるシステムのソフトウェアを自動更新する。,外部と内部のネットワーク間で特定の通信だけを許可する。,5,,医用画像情報学,第77回(2025),普通
[A34] 機械学習の多クラス分類モデルの評価指標でないのはどれか。,F値,再現率,正解率,適合率,比例尺度,5,,医用画像情報学,第77回(2025),普通
[A35] 病院情報システムで正しいのはどれか。,画像情報は放射線情報システムに送信される。,X線撮影の検査オーダには撮影部位の情報が含まれる。,医師が行った診察の記録はオーダリングシステムに登録される。,検査に用いる医療材料や医薬品は医事会計システムで発注される。,実施情報はオーダリングシステムから放射線情報システムに伝達される。,2,,医用画像情報学,第77回(2025),普通
[A36] スイスチーズモデルの考え方で正しいのはどれか。,個人の過ちや職場の環境と体制に潜む危険が安全対策の穴を作る。,個人の集中力や責任感を高めなければ事故を減らすことはできない。,事故の原因追求を徹底すれば単一の根本的な過誤や失策に行き着く。,不完全な安全対策を複数用意するより完全な安全対策を一つ用意する。,抜け穴のある安全対策を複数に増やしても事故を減らすことはできない。,1,,診療画像検査学,第77回(2025),普通
[A37] 検査待ち合いで患者が床に倒れており、時折いびきのような音を立てて首を動かしている。呼びかけに対する反応はあいまいである。周囲に他の人はいない。対応で正しいのはどれか。,胸骨圧迫開始の前に院内緊急コールをする。,胸骨圧迫は1分間に50〜70回のテンポで行う。,呼吸しているので直ちに心肺蘇生を開始する必要はない。,1分間以上は肩を叩いて呼びかけ反応の有無を明確にする。,胸骨圧迫で心拍が再開しない場合にAEDの持参を依頼する。,1,,診療画像検査学,第77回(2025),普通
[A38] 保守点検計画を策定すべきX線装置はどれか。,X線CT装置,移動形X線装置,透視用X線装置,乳房用X線装置,口内法用X線装置,1,,診療画像検査学,第77回(2025),普通
[A39] 診療放射線技師が検査中に認めた異常所見で直ちに医師に報告することが適切でないのはどれか。,脳の腫瘤,頭蓋内出血,腹腔内遊離ガス,肋間腔開大を伴う気胸,径3 cmの蛇行した上行大動脈,5,,診療画像検査学,第77回(2025),普通
[A40] 腸間膜を有さないのはどれか。,空腸,S状結腸,横行結腸,十二指腸,上行結腸,"4,5",,基礎医学大要,第77回(2025),普通
[A41] 骨粗鬆症性椎体骨折が多いのはどれか。,上部頸椎,下部頸椎〜上部胸椎,中部胸椎,下部胸椎〜上部腰椎,下部腰椎,4,,基礎医学大要,第77回(2025),普通
[A42] 診療放射線技師による情報の取扱いで正しいのはどれか。,守秘義務は診療放射線技師でなくなった後も続く。,患者の情報は医療機関内であれば自由に共有してよい。,診療放射線技師はカルテの情報を閲覧することができない。,個人情報保護法では患者名を画像に載せることは禁止されている。,患者本人の了解がなくても家族からの要請があれば情報開示ができる。,1,,基礎医学大要,第77回(2025),普通
[A43] 頭蓋底を構成するのはどれか。2つ選べ。,頰骨,鼻骨,下顎骨,後頭骨,蝶形骨,"4,5",,基礎医学大要,第77回(2025),普通
[A44] 灰白質はどれか。,内包,脳梁,被殻,前交連,放線冠,3,,基礎医学大要,第77回(2025),普通
[A45] 悪性腫瘍の発生数が最も少ないのはどれか。,食道,胃,小腸,結腸,直腸,3,,基礎医学大要,第77回(2025),普通
[A46] 体温の恒常性で誤っているのはどれか。,体温中枢は視床下部にある。,運動によって体温は上昇する。,寒冷の環境では代謝が低下する。,体温には概日リズムが存在する。,年齢が高くなるにつれ体温は低下する。,3,,基礎医学大要,第77回(2025),普通
[A47] Ⅰ型アレルギー反応に関連するのはどれか。2つ選べ。,補体,T細胞,IgE抗体,IgM抗体,ヒスタミン,"3,5",,基礎医学大要,第77回(2025),普通
[A48] 悪性腫瘍とその発生原因の組合せで誤っているのはどれか。,胃癌 — ヘリコバクターピロリ菌,肝臓癌 — A型肝炎ウイルス,外陰部癌 — ヒトパピローマウイルス,カポジ肉腫 — ヒトヘルペスウイルス,成人T細胞白血病 — ヒトT細胞白血病ウイルス,2,,基礎医学大要,第77回(2025),普通
[A49] 右心房と右心室の間にある弁はどれか。,三尖弁,静脈弁,僧帽弁,大動脈弁,肺動脈弁,1,,基礎医学大要,第77回(2025),普通
[A50] ヒトの感染防御機構で獲得免疫に関与するのはどれか。2つ選べ。,胸腺,口腔,骨髄,皮膚,消化管,"1,3",,基礎医学大要,第77回(2025),普通
[A51] 人体を構成する主要4大元素でないのはどれか。,塩素,酸素,水素,炭素,窒素,1,,基礎医学大要,第77回(2025),普通
[A52] 上眼窩裂を通らないのはどれか。,眼神経,視神経,外転神経,滑車神経,動眼神経,2,,基礎医学大要,第77回(2025),普通
[A53] 肺結核の主な感染経路はどれか。,空気感染,垂直感染,接触感染,飛沫感染,媒介物感染,1,,基礎医学大要,第77回(2025),普通
[A54] 手根管を通過する神経はどれか。,副神経,尺骨神経,正中神経,橈骨神経,肋間神経,3,,基礎医学大要,第77回(2025),普通
[A55] 紫外線の特徴で正しいのはどれか。,DNAを標的としない。,X線よりも波長が長い。,直接電離放射線である。,X線よりもLETが高い。,発がんを引き起こさない。,2,,放射線生物学,第77回(2025),普通
[A56] ヒトの半致死線量で正しいのはどれか。,50〜60 Gyである。,Dq線量と同義である。,生存率が50％になる線量である。,被ばく後30日の生存率で判定する。,定位放射線治療の線量計算に使用する。,3,,放射線生物学,第77回(2025),普通
[A57] 成人の正常組織で放射線感受性が最も低いのはどれか。,肝臓,小腸,心筋,皮膚,水晶体,3,,放射線生物学,第77回(2025),普通
[A58] 放射線誘発がんで正しいのはどれか。,前立腺癌の主な発がん形式である。,小児より成人の方が発がんリスクは高い。,発がんリスクは線量率によって変化しない。,放射線による肺癌の発生リスクと喫煙は関係ない。,同じ物理線量の場合、低LET放射線より高LET放射線の方が発がんリスクは高い。,5,,放射線生物学,第77回(2025),普通
[A59] 細胞に総線量12 Gyを照射した場合、細胞の生存率が最も高くなる条件はどれか。ただし、他の条件は全て同じとし、細胞のα/βは10 Gyとする。,1 Gy/回とし、週3回4週間で照射する。,1 Gy/回とし、週4回3週間で照射する。,2 Gy/回とし、連続する6日間で照射する。,1 Gy/回とし、1日2回、連続する6日間で照射する。,2 Gy/回とし、1日2回、連続する3日間で照射する。,1,,放射線生物学,第77回(2025),普通
[A60] 電離性の電磁放射線はどれか。,α線,β線,γ線,中性子線,マイクロ波,3,,放射線物理学,第77回(2025),普通
[A61] 光子と物質の相互作用で正しいのはどれか。,特性X線は連続スペクトルを持つ。,光電効果は最外殻の電子で起こることが多い。,電子対生成の生じた位置で消滅放射線が発生する。,コンプトン散乱において散乱光子の波長は入射光子の波長より長くなる。,光子エネルギーが1 MeVのとき鉛と光子の相互作用は電子対生成が主である。,4,,放射線物理学,第77回(2025),普通
[A62] 重荷電粒子の質量衝突阻止能で正しいのはどれか。,物質の密度に反比例する。,物質の原子番号に反比例する。,入射粒子の質量に反比例する。,入射粒子の電荷数に比例する。,入射粒子のエネルギーに反比例する。,5,,放射線物理学,第77回(2025),普通
[A63] 50 keV光子のAl（原子番号13、原子量27、密度2.7 g・cm−3）に対する線減弱係数が1.0 cm−1であるとき、この光子エネルギーに対するAlの電子断面積［b］（バーン）に最も近いのはどれか。ただし、アボガドロ数を6.0 × 1023、1 b＝10−24 cm2とする。,0.08,0.4,1.3,4.8,17,3,,放射線物理学,第77回(2025),普通
[A64] 核磁気共鳴の緩和現象で正しいのはどれか。,縦緩和時間は磁場均一性に依存する。,縦緩和時間は物質の温度に依存する。,横緩和時間は縦緩和時間よりも長い。,横磁化は時間とともに直線的に減少する。,縦磁化は90度RFパルス印加中に増加する。,2,,放射線物理学,第77回(2025),普通
[A65] 電流の大きさが2 A（実効値）で、位相が電圧より30度だけ進んでいる正弦波交流回路がある。この回路の電圧が0 Vの瞬間の電流の大きさ［A］はどれか。,0 2,3 2,2,2,2 2,4,,医用工学,第77回(2025),普通
[A66] 真性半導体の絶対零度におけるエネルギーバンド構造で正しいのはどれか。2つ選べ。,伝導帯は空帯となっている。,禁制帯にキャリアは存在しない。,禁制帯の幅は絶縁体より大きい。,価電子帯の電子は電流に寄与する。,フェルミ準位は価電子帯に存在する。,"1,2",,医用工学,第77回(2025),普通
[A67] MRI装置でボリューム送信コイルを使用した場合、JISで規定されている通常操作モードでの全身SAR［W/kg］の上限値はどれか。,0.1,0.5,2.0,3.2,10.0,3,,医用工学,第77回(2025),普通
[A68] エネルギーフルエンスが一様なγ線場において指頭形電離箱で電離電流を測定するとき、測定値で正しいのはどれか。,空洞の体積に反比例する。,充塡気体の密度に比例する。,充塡気体のW値に比例する。,集電極の印加電圧に反比例する。,電離箱壁からの二次電子の飛程に比例する。,2,,放射線計測学,第77回(2025),普通
[A69] 飛跡を利用した放射線検出器はどれか。,CR-39,GM計数管,比例計数管,蛍光ガラス線量計,NaI（Tl）シンチレーション検出器,1,,放射線計測学,第77回(2025),普通
[A70] 高純度Ge半導体検出器の基本構成に含まれないのはどれか。,高圧電源,線形増幅器,前置増幅器,光電子増倍管,多重波高分析器,4,,放射線計測学,第77回(2025),普通
[A71] X線の半価層測定で正しいのはどれか。,実効波長によって補正する。,管電圧によって半価層は変化しない。,線量の測定には電離箱線量計が適する。,実効エネルギーを最大エネルギーで除して算出できる。,連続エネルギー分布を持つⅩ線では第2半価層より第1半価層が大きい。,3,,放射線計測学,第77回(2025),普通
[A72] 個人被ばく線量計に用いられる検出材料で光子に対するエネルギー依存性が最も小さいのはどれか。,Si,LiF,Al2O3,CaSO4,リン酸塩ガラス,2,,放射線計測学,第77回(2025),普通
[A73] 画像診断用ディスプレイで正しいのはどれか。,不変性試験は2年ごとに行う。,輝度比は最大輝度と最小輝度の比である。,照度計を用いてコントラスト応答を求める。,"解像度2,048 × 2,560は3メガピクセルに相当する。",テストパターンを用いた目視試験は客観的評価となる。,2,,診療画像機器学,第77回(2025),普通
[A74] X線CTで正しいのはどれか。,DLPの単位はmGyである。,管電圧が低くなるほどノイズは低下する。,ピッチ係数を大きくすると撮影時間は長くなる。,管電圧が低くなるほど造影領域のCT値は低下する。,dual energy CTを用いて仮想単色X線画像を作成できる。,5,,診療画像機器学,第77回(2025),普通
[A75] X線管装置で正しいのはどれか。2つ選べ。,線質は陽極側に比べ陰極側で軟線が多い。,短時間許容負荷は焦点寸法に依存しない。,陰極エミッション特性は管電流の特性を表す。,ヒートユニットは許容負荷を表す単位である。,漏れ放射線は放射口を透過する電離放射線である。,"1,3",,診療画像機器学,第77回(2025),普通
[A76] X線高電圧装置で正しいのはどれか。,管電流はX線管の陽極に流れる電流の最大値で表す。,コンデンサ式X線装置の管電流時間積は線量に比例する。,管電圧はX線管の陽極と陰極との間の電位差の平均値で表す。,2ピーク形X線装置の管電圧調整は単巻変圧器の出力側で行う。,共振形インバータ式X線装置の管電圧リプル百分率はインバータ周波数に比例する。,4,,診療画像機器学,第77回(2025),普通
[A77] FPDで正しいのはどれか。,画像歪はI. I.と同等である。,素子間の感度補正が必要である。,ダイナミックレンジはアナログシステムと同等である。,直接変換方式ではX線をシンチレータで光に変換する。,リアルタイムでX線画像をアナログ信号として出力する。,2,,診療画像機器学,第77回(2025),普通
[A78] トモシンセシスで正しいのはどれか。,FPDを用いた断層撮影である。,乳房用X線装置のみに搭載されている。,1回の撮影で1枚の断層画像を取得する。,断層振れ角が大きいほど断層厚は厚くなる。,目的断面を幾何学的にぼかすことによって断層画像を取得する。,1,,診療画像機器学,第77回(2025),普通
[A79] X線管装置の動作特性で正しいのはどれか。,管電流は電極間距離の2乗に比例する。,ヒール効果はターゲット角度に影響しない。,実焦点の熱電子密度は正焦点、副焦点とも均等である。,ブルーミング現象は管電流条件で実効焦点寸法に影響する。,焦点近傍から発生した焦点外X線の強度は遠方に比べ強い。,4,,診療画像機器学,第77回(2025),普通
[A80] 乳房用X線装置で正しいのはどれか。,X線放射口にはRhが用いられる。,管電流の精度は±10％以内である。,焦点寸法は1〜2 mmが標準的である。,陽極のターゲットにはAlが用いられる。,ヒール効果を利用し乳房全体の線量均一化を行っている。,5,,診療画像機器学,第77回(2025),普通
[A81] 医薬品医療機器等法における医療機器とクラス分類の組合せで正しいのはどれか。,MRI装置 — クラスⅡ,血管撮影装置 — クラスⅢ,超音波診断装置 — クラスⅠ,放射線治療装置 — クラスⅣ,画像診断用ディスプレイ — クラスⅢ,1,,診療画像機器学,第77回(2025),普通
[A82] 歯科用コーンビームCT装置で正しいのはどれか。,90度回転して撮影する。,視野サイズが変更できない。,ヘリカルスキャンを用いる。,幾何学的ひずみ補正が必要である。,検出器にイメージングプレートが用いられる。,4,,診療画像機器学,第77回(2025),普通
[A83] X線撮影におけるグリッドの使用で正しいのはどれか。ただし、撮影条件は一定とする。,鮮鋭度が低下する。,粒状性が向上する。,被ばく線量が減少する。,画像コントラストが向上する。,骨組織でのX線透過性が減少する。,4,,X線撮影技術学,第77回(2025),普通
[A84] 一般撮影の診断参考レベルにおいて入射表面線量が最も低い撮影はどれか。,頭部正面,頸椎正面,胸部正面,腰椎正面,骨盤正面,3,,X線撮影技術学,第77回(2025),普通
[A85] 頭部X線写真を別に示す。撮影方法で正しいのはどれか。【別冊No.7 図】,グリッドは使用しない。,X線の射出点を鼻根とする。,40〜50 kVの管電圧で撮影する。,中心X線は検出器面に対し垂直に入射する。,ドイツ水平線は検出器面に対し60度とする。,4,,X線撮影技術学,第77回(2025),普通
[A86] 乳房MLO方向撮影で正しいのはどれか。2つ選べ。,圧迫圧は40 N程度とする。,乳房圧迫後に乳房支持台の角度を決定する。,非検側乳房が照射野内に入らないようにする。,乳房外側上部がブラインドエリアとなりやすい。,乳房支持台の角度を被検者の大胸筋と平行に合わせる。,"3,5",,X線撮影技術学,第77回(2025),普通
[A87] IVRで使用するガイドワイヤで正しいのはどれか。,滅菌して再利用できる。,造影剤の誘導に用いられる。,血管刺入部の止血に用いられる。,血管内カテーテルの誘導に用いられる。,カテーテルの長さよりも短いものが用いられる。,4,,X線撮影技術学,第77回(2025),普通
[A88] X線CTのアーチファクトと低減策の組合せで正しいのはどれか。2つ選べ。,メタルアーチファクト — 管電圧を下げる。,ストリークアーチファクト — 被検者を固定する。,パーシャルボリューム効果 — 薄いスライス厚を用いる。,ステアステップアーチファクト — ピッチ係数を小さくする。,ビームハードニングアーチファクト — 管電流を上げる。,"3,4",,X線撮影技術学,第77回(2025),普通
[A89] 骨塩定量用のファントム写真を別に示す。これを使用する測定法はどれか。【別冊No.8 図】,定量的CT〈QCT〉法,定量的超音波〈QUS〉法,X線写真濃度測定〈RA〉法,単一エネルギーX線吸収測定〈SXA〉法,二重エネルギーX線吸収測定〈DXA〉法,1,,X線撮影技術学,第77回(2025),普通
[A90] 頸椎のX線写真を別に示す。矢印で示すのはどれか。【別冊No.9 図】,棘突起,椎間腔,椎間孔,椎弓根,Luschka〈ルシュカ〉関節,4,,X線撮影技術学,第77回(2025),普通
[A91] 頭部の血管造影写真を別に示す。矢印で示すのはどれか。【別冊No.10 図】,椎骨動脈,内頸動脈,脳底動脈,浅側頭動脈,中大脳動脈,2,,X線撮影技術学,第77回(2025),普通
[A92] 頸部の造影CT像を別に示す。矢印で示すのはどれか。【別冊No.11 図】,気管,食道,甲状腺,総頸動脈,内頸静脈,4,,X線撮影技術学,第77回(2025),普通
[A93] デジタルX線画像における雑音に最も影響を及ぼす因子はどれか。,画像の輝度,画像の彩度,焦点サイズ,後方散乱係数,X線量子モトル,5,,画像工学,第77回(2025),普通
[A94] 図のような周期パターンのMichelson〈マイケルソン〉コントラストはどれか。,0.1,0.6,1.2,2.7,3.3,1,,画像工学,第77回(2025),普通
[A95] エッジ法によるプリサンプルドMTFで正しいのはどれか。,単位はmm2である。,ESFのトレンド補正をする。,LSFはESFを微分して得る。,LSFのパワースペクトルである。,金属エッジを画素列に対して15度傾けて撮影する。,3,,画像工学,第77回(2025),普通
[A96] 男性の放射線業務従事者が体幹部を覆う放射線防護衣を着衣し、頸部および防護衣の内側に1か所ずつ個人線量計を着用した。実効線量を評価する算出式で正しいのはどれか。ただし、不均等被ばくに対する実効線量の算出式は以下とする。E＝0.08 Ha＋0.44 Hb＋0.45 Hc＋0.03 Hm E：実効線量Ha：頭部又は頸部の1 cm線量当量Hb：胸部の1 cm線量当量Hc：腹部の1 cm線量当量Hm：Ha、Hb、Hcのうち最大となる1 cm線量当量,0.11 Ha,0.08 Ha＋0.92 Hb,0.11 Ha＋0.89 Hb,0.11 Ha＋0.89 Hc,0.08 Ha＋0.44 Hb＋0.48 Hc,3,,放射線安全管理学,第77回(2025),普通
[A97] 診療放射線技師法で規定されている業務範囲で正しいのはどれか。2つ選べ。,採血のための静脈路確保,造影剤副作用時のアドレナリン筋肉内投与,造影剤注入装置で造影剤を投与するための静脈路確保,造影剤注入装置で造影剤を投与するための動脈路確保,下部消化管検査のために肛門に挿入したカテーテルからの空気吸引,"3,5",,放射線安全管理学,第77回(2025),普通
[A98] 放射性同位元素等規制法で誤っているのはどれか。,原子力基本法の精神にのっとっている。,サイクロトロンは放射線発生装置に該当する。,1メガ電子ボルト未満のエネルギーを有するエックス線は放射線の定義に含まれる。,放射線障害予防規程を変更した場合、変更の日から30日以内に原子力規制委員会へ届け出なければならない。,特定放射性同位元素は、放射性同位元素であって、その放射線が発散された場合において人の健康に重大な影響を及ぼすおそれがあるものである。,3,,放射線安全管理学,第77回(2025),普通
[A99] 国際放射線防護委員会〈ICRP〉2007年勧告における組織加重係数で大きい順に並んでいるのはどれか。大きい小さい,甲状腺―生殖腺―皮膚―乳 — 房,生殖腺―乳房―甲状腺―皮膚,生殖腺―乳房―皮膚―甲状腺,乳房―甲状腺―生殖腺―皮膚,乳房―生殖腺―甲状腺―皮膚,5,,放射線安全管理学,第77回(2025),普通
[A100] 放射性同位元素等規制法で許可された廃棄業者によって廃棄される放射性汚染物で不燃物に該当するのはどれか。,注射針,ポリバイアル,HEPAフィルタ,チャコールフィルタ,プラスチックチューブ,1,,放射線安全管理学,第77回(2025),普通
[B1] MRI検査室の管理で正しいのはどれか。,撮影室内の照明は蛍光灯を使用する。,0.4 T以下の装置では電波法の申請が不要である。,永久磁石型装置では強制クエンチ用排気スイッチを設置する。,電波シールドの設置目的は漏えい電波と外来電波の影響を防ぐためである。,JIS規格では漏えい磁場が0.2 mTを超える領域に立入制限の境界線を引く。,4,,診療画像検査学,第77回(2025),普通
[B2] 脳卒中が疑われる場合のMRIの撮影順で適切なのはどれか。,MRA→拡散強調像→FLAIR像→T2強調像→T1強調像→T2＊強調像,T1強調像→T2強調像→FLAIR像→T2＊強調像→MRA→拡散強調像,T1強調像→T2強調像→T2＊強調像→拡散強調像→MRA→FLAIR像,拡散強調像→MRA→FLAIR像→T2＊強調像→T2強調像→T1強調像,拡散強調像→T1強調像→T2＊強調像→FLAIR像→T2強調像→MRA,4,,診療画像検査学,第77回(2025),普通
[B3] 成人の超音波検査で最も高い周波数のプローブを用いるのが適切なのはどれか。,門脈,脾静脈,総頸動脈,上行大動脈,腹部大動脈,3,,診療画像検査学,第77回(2025),普通
[B4] MRIの拡散強調像で正しいのはどれか。2つ選べ。,真の拡散係数が得られる。,組織のT2値の影響を受ける。,急性期脳梗塞で低信号を呈する。,b値が低いほど拡散が強調される。,水分子のブラウン運動を画像化している。,"2,5",,診療画像検査学,第77回(2025),普通
[B5] を別に示す。MR像矢印で示すアーチファクトの原因はどれか。【別冊No.1 図】,金属,磁化率,折り返し,化学シフト,動脈の拍動,5,,診療画像検査学,第77回(2025),普通
[B6] 右季肋部縦走査の超音波像を別に示す。矢印で示すアーチファクトはどれか。【別冊No.2 図】,音響陰影,外側陰影,鏡面反射,側方陰影,多重反射,5,,診療画像検査学,第77回(2025),普通
[B7] 頭部MRIのFLAIR像で最も高信号を呈するのはどれか。,側脳室,眼窩脂肪,頭蓋骨皮質,大脳基底核,シルビウス裂,2,,診療画像検査学,第77回(2025),普通
[B8] 頭部MRAのMIP像及び3 D再構成像を別に示す。矢印で示す動脈瘤の部位はどれか。【別冊No.3A・B 図】,脳底動脈,後交通動脈,後大脳動脈,前交通動脈,中大脳動脈,4,,診療画像検査学,第77回(2025),普通
[B9] 胸部MR像を別に示す。矢印で示す血管と直接交通しているのはどれか。【別冊No.4 図】,右心房,右心室,左心房,左心室,下大静脈,4,,診療画像検査学,第77回(2025),普通
[B10] 腹部MRIのT1強調像を別に示す。矢印で示すのはどれか。【別冊No.5 図】,肝管,門脈,肝静脈,肝動脈,奇静脈,3,,診療画像検査学,第77回(2025),普通
[B11] 標識化合物の純度で正しいのはどれか。,標識率は放射性核種純度と同義である。,放射性核種純度検定に高速液体クロマトグラフィが用いられる。,標識化合物を長時間保存した場合、放射化学的不純物が生成される。,化学的純度は目的とする化学形で放射性核種がその物質の全放射能に占める割合をいう。,放射化学的純度は化学形に関係なく着目する放射性核種の放射能がその物質の全放射能に占める割合をいう。,3,,核医学検査技術学,第77回(2025),普通
[B12] ガンマカメラで正しいのはどれか。2つ選べ。,シンチレータが厚いほど空間分解能が高い。,位置計算には抵抗マトリクス方式が用いられる。,NaI（Tl）シンチレータの厚さは2インチ程度である。,エネルギー演算機構はZ信号加算回路と波高分析器からなる。,入射γ線エネルギーが高いほどシンチレータの光電吸収検出効率は高い。,"2,4",,核医学検査技術学,第77回(2025),普通
[B13] PET装置の性能評価法（NEMA NU 2-2018）の項目でないのはどれか。,感度,均一性,空間分解能,散乱フラクション,PET/CTの重ね合わせ精度,2,,核医学検査技術学,第77回(2025),普通
[B14] 脳血流SPECTデータ解析で正しいのはどれか。,統計学的画像解析では灰白質体積を評価する。,パトラックプロット法では採血は不要である。,統計学的画像解析では手動で関心領域を設定する。,Zスコアの算出にはダイナミック画像が必要である。,コンパートメント解析はスタティック画像で行われる。,2,,核医学検査技術学,第77回(2025),普通
[B15] 空間分解能補正を組み込んだPET画像再構成法で集積部の辺縁を縁取ったような高集積を生じるアーチファクトはどれか。,アップワードクリープ,ギブスアーチファクト,スターアーチファクト,ストリークアーチファクト,トランケーションアーチファクト,2,,核医学検査技術学,第77回(2025),普通
[B16] 正常の脳核医学画像を別に示す。使用した放射性医薬品はどれか。【別冊No.6 図】,123I−IMP,18F−FDG,15O−CO2ガス,123I−イオフルパン,18F−フルテメタモル,5,,核医学検査技術学,第77回(2025),普通
[B17] 放射性医薬品の投与前に甲状腺ブロックが必要な検査はどれか。,肝胆道シンチグラフィ,甲状腺シンチグラフィ,唾液腺シンチグラフィ,副甲状腺シンチグラフィ,副腎皮質シンチグラフィ,5,,核医学検査技術学,第77回(2025),普通
[B18] 腎シンチグラフィで正しいのはどれか。,腎動態シンチグラフィでは分腎機能が評価できる。,99mTc−DMSAは腎尿細管から速やかに排泄される。,99mTc−MAG3は腎静態シンチグラフィに用いられる。,腎静態シンチグラフィではカプトプリル負荷が行われる。,腎排泄機能障害の症例では腎動態シンチグラフィは禁忌である。,1,,核医学検査技術学,第77回(2025),普通
[B19] 18 F−FDG PETで褐色脂肪への生理的集積と最も関連があるのはどれか。,運動,喫煙,肥満,高血糖,寒冷刺激,5,,核医学検査技術学,第77回(2025),普通
[B20] ソマトスタチン受容体シンチグラフィで正しいのはどれか。2つ選べ。,標識核種は123Iである。,撮影直前に排尿を行う。,神経内分泌腫瘍に集積する。,高分化腫瘍では低分化腫瘍より集積が低い。,消化管の生理的集積は後期像より早期像で頻度が高い。,"2,3",,核医学検査技術学,第77回(2025),普通
[B21] 我が国の悪性腫瘍で正しいのはどれか。,喉頭癌は男性より女性に多い。,乳癌の組織型で最も多いのは腺癌である。,子宮頸癌の組織型で最も多いのは腺癌である。,胃癌の組織型で最も多いのは扁平上皮癌である。,ホジキンリンパ腫の方が非ホジキンリンパ腫よりも多い。,2,,放射線治療技術学,第77回(2025),普通
[B22] 頭頸部癌の放射線治療における急性期有害事象はどれか。,粘膜炎,脳壊死,下顎骨壊死,頸動脈狭窄,甲状腺機能低下,1,,放射線治療技術学,第77回(2025),普通
[B23] ヒトパピローマウイルスが関与することが多いのはどれか。2つ選べ。,上咽頭癌,中咽頭癌,肝細胞癌,大腸癌,子宮頸癌,"2,5",,放射線治療技術学,第77回(2025),普通
[B24] 加速過分割照射が標準治療である腫瘍はどれか。,食道癌,膵臓癌,髄膜腫,肝細胞癌,小細胞肺癌,5,,放射線治療技術学,第77回(2025),普通
[B25] 線量計算アルゴリズムで粒子の輸送を再現しているのはどれか。2つ選べ。,Monte Carlo法,superposition法,pencil beam convolution法,Boltzmann transport equation法,analytical anisotropic algorithm法,"1,4",,放射線治療技術学,第77回(2025),普通
[B26] 画像誘導放射線治療として照射位置の照合基準で用いるのはどれか。2つ選べ。,血管,骨構造,体表面,体内のガス,体内に貯留している液体,"2,3",,放射線治療技術学,第77回(2025),普通
[B27] 放射線治療に用いられるX線計測で正しいのはどれか。,PDDはSSDに依存しない。,最大線量深は照射野に依存する。,kQはエネルギーの大きさに比例する。,"TPR20,10の測定は電離箱線量計の実効中心で行われる。",TMRの測定は電離箱線量計の幾何学的中心で行われる。,2,,放射線治療技術学,第77回(2025),普通
[B28] 放射線治療で正しいのはどれか。2つ選べ。,PTVはCTVよりも大きい。,PTVとリスク臓器は重なることはない。,平坦化フィルタを除くと線量率を上げることができる。,放射線治療計画CTではFOVを腫瘍にできるだけ絞って撮影する。,粒子線治療におけるブロードビーム法ではコリメータは不要である。,"1,3",,放射線治療技術学,第77回(2025),普通
[B29] 直線加速器で平坦な線量プロファイルを期待して測定したところ、図のような線量プロファイルが得られた。考えられる原因はどれか。,X線出力が不足していた。,コリメータが非対称に開口していた。,コリメータの下に意図しない構造物が入っていた。,照射野サイズに対応しない平坦化フィルタを使用していた。,X線のエネルギーに対応しない平坦化フィルタを使用していた。,3,,放射線治療技術学,第77回(2025),普通
[B30] 10 MV X線を用いて照射野が10 cm × 10 cmのときの基準点の吸収線量が1 MUあたり1 cGyであった。照射野20 cm × 20 cm、深さ5 cmの点に2 Gy照射するとき、MU値で最も近いのはどれか。ただし、照射野20 cm × 20 cm、深さ5 cmの組織最大線量比を0.8、照射野10 cm × 10 cmに対する出力係数を1.2とする。,145,176,208,250,275,3,,放射線治療技術学,第77回(2025),普通
[B31] フーリエ変換で正しいのはどれか。,非線形変換である。,余弦関数は実部と虚部がある。,矩形波関数はsinc関数になる。,デルタ関数はガウス関数になる。,離散フーリエ変換は実空間領域への変換である。,3,,医用画像情報学,第77回(2025),普通
[B32] 集合A、Bからなるベン図で斜線部分を表すのはどれか。,NOT A,A XOR B,A NAND B,NOT（A XOR B）,（NOT A）AND B,5,,医用画像情報学,第77回(2025),普通
[B33] 診療情報の2次利用にあたるのはどれか。,患者家族への説明,患者本人への診療,院内勉強会での利用,医療従事者間の情報共有,紹介医療機関への情報提供,3,,医用画像情報学,第77回(2025),普通
[B34] 画像圧縮に用いられる手法はどれか。,ウィンドウ処理,ボケマスク処理,離散コサイン変換,ヒストグラム平坦化,サブトラクション処理,3,,医用画像情報学,第77回(2025),普通
"[B35] 1,024 × 2,048画素、階調数16 bitのDICOM画像のデータ量［MB］に最も近いのはどれか。ただし、ヘッダ情報は含まないものとする。",2,4,8,16,32,2,,医用画像情報学,第77回(2025),普通
[B36] 造影CT施行後に一過性の血圧低下があった。次にこの患者の造影CT施行が必要になった場合に備えて共有すべき今回のCTの情報はどれか。,体重,管電圧,投与した造影剤の総量,投与した造影剤の製品名,推算糸球体濾過量〈eGFR〉,4,,診療画像検査学,第77回(2025),普通
[B37] 心原性ショックの臨床症状で誤っているのはどれか。,頻呼吸,意識低下,顔面蒼白,皮膚乾燥,脈拍微弱,4,,診療画像検査学,第77回(2025),普通
[B38] 硫酸バリウムを用いた注腸造影検査の適応で誤っているのはどれか。,大腸癌,大腸憩室,大腸穿孔,潰瘍性大腸炎,大腸ポリープ,3,,診療画像検査学,第77回(2025),普通
[B39] 使用済み注射針の廃棄処理で正しいのはどれか。,病原体別に容器を使い分ける。,容器に段ボール箱を使用する。,蓋がない開放した容器を用いる。,容器容量の約8割を超えて詰め過ぎない。,使用済みの注射針はリキャップしてから廃棄する。,4,,診療画像検査学,第77回(2025),普通
[B40] 結合組織でないのはどれか。,腱,爪,筋膜,骨膜,靱帯,2,,基礎医学大要,第77回(2025),普通
[B41] 成人女性の基準値より低い値の血液検査項目はどれか。,赤血球数400万/µL,ヘモグロビン — 8.0 g/dL,ヘマトクリット — 40.0％,"白血球数5,000/µL",血小板数20万/µL,2,,基礎医学大要,第77回(2025),普通
[B42] ヒトの細胞に存在しないのはどれか。,核,細胞壁,リボソーム,ミトコンドリア,Golgi〈ゴルジ〉体,2,,基礎医学大要,第77回(2025),普通
[B43] 腹部大動脈から直接分岐するのはどれか。,空腸動脈,子宮動脈,卵巣動脈,固有肝動脈,浅大腿動脈,3,,基礎医学大要,第77回(2025),普通
[B44] X線写真による小児の骨年齢評価に用いられるのはどれか。,頭蓋骨,下顎骨,肩甲骨,手根骨,大腿骨,4,,基礎医学大要,第77回(2025),普通
[B45] Douglas〈ダグラス〉窩に隣接するのはどれか。,仙骨,恥骨,直腸,盲腸,下行結腸,3,,基礎医学大要,第77回(2025),普通
[B46] Cushing〈クッシング〉病で過剰分泌されるのはどれか。,成長ホルモン,抗利尿ホルモン,性腺刺激ホルモン,甲状腺刺激ホルモン,副腎皮質刺激ホルモン,5,,基礎医学大要,第77回(2025),普通
[B47] 正常月経周期の順序で正しいのはどれか。,月経→黄体期→排卵→卵胞期→月経,月経→黄体期→卵胞期→排卵→月 — 経,月経→排卵→卵胞期→黄体期→月 — 経,月経→卵胞期→黄体期→排卵→月 — 経,月経→卵胞期→排卵→黄体期→月経,5,,基礎医学大要,第77回(2025),普通
[B48] 肺の区域で存在しないのはどれか。,右肺S3,右肺S5,左肺S1＋2,左肺S7,左肺S9,4,,基礎医学大要,第77回(2025),普通
[B49] 脳実質から発生する腫瘍で正しいのはどれか。,膠芽腫,髄膜腫,神経鞘腫,下垂体腺腫,頭蓋咽頭腫,1,,基礎医学大要,第77回(2025),普通
[B50] 老年症候群の特徴で誤っているのはどれか。,転倒,嚥下障害,体重増加,認知障害,歩行障害,3,,基礎医学大要,第77回(2025),普通
[B51] 白血球で無顆粒球はどれか。2つ選べ。,単球,好酸球,好中球,好塩基球,リンパ球,"1,5",,基礎医学大要,第77回(2025),普通
[B52] 職業と職業病の組合せで正しいのはどれか。2つ選べ。,タール取扱従事者 — 前立腺癌,蛍光塗料取扱従事者 — 肺癌,ベンゼン取扱従事者 — 悪性リンパ腫,アスベスト取扱従事者 — 悪性胸膜中皮腫,電離放射線作業従事者 — 白内障,"4,5",,基礎医学大要,第77回(2025),普通
[B53] 腎臓で血液のろ過を行うのはどれか。,糸球体,腎盂,腎静脈,尿管,尿細管,1,,基礎医学大要,第77回(2025),普通
[B54] 肘静脈から注入した造影剤が最初に到達するのはどれか。,右心室,左心室,大動脈,肺静脈,肺動脈,1,,基礎医学大要,第77回(2025),普通
[B55] 電離放射線の細胞に対する作用で正しいのはどれか。,間接作用は低温で増強される。,高LETでは直接作用が主である。,二重鎖切断が起きたDNAは修復不能である。,直接作用はフリーラジカルによるものである。,間接作用によるDNAの障害を一本鎖切断という。,2,,放射線生物学,第77回(2025),普通
[B56] ヒトの細胞周期で正しいのはどれか。,S期から次のS期までを間期と呼ぶ。,有糸分裂が行われるのはS期である。,細胞のM期はおよそ1分程度である。,DNA複製酵素が活性化するとS期に移行する。,間期はG0、G1、G2の3つの時期に分かれている。,4,,放射線生物学,第77回(2025),普通
[B57] 7 Svの全身被ばくの数か月後に生じる有害事象はどれか。,骨髄死,腸管死,発がん,中枢神経死,放射線宿酔,1,,放射線生物学,第77回(2025),普通
[B58] TD5/5で正しいのはどれか。,単位はSvである。,急性期有害事象を示す指標である。,肺に5 Gyが照射されている割合を表す指標である。,5年間で5％以下の確率で有害事象が生じる線量である。,5 Gyで5回照射した場合に有害事象が生じる確率である。,4,,放射線生物学,第77回(2025),普通
[B59] 温熱療法で正しいのはどれか。,pHが高いほど効果が高い。,連日の加温で感受性が上昇する。,43 ℃よりも45 ℃の方が効果が高い。,現在、我が国で実施している施設はない。,細胞周期の中ではG1期で効果が最も高い。,3,,放射線生物学,第77回(2025),普通
[B60] 放射性壊変で正しいのはどれか。,α壊変は質量数が2減る。,β＋壊変は質量数が1減る。,β−壊変は原子番号が1減る。,γ壊変は原子番号が変化しない。,軌道電子捕獲は質量数が1増える。,4,,放射線物理学,第77回(2025),普通
[B61] 光電効果が生じたときに放出されるのはどれか。2つ選べ。,β — 線,δ — 線,特性X線,内部転換電子,Auger〈オージェ〉電子,"3,5",,放射線物理学,第77回(2025),普通
[B62] 核種から放出される陽電子の最大飛程で最も短いのはどれか。,11C,18F,13N,15O,68Ga,2,,放射線物理学,第77回(2025),普通
[B63] 中性子と物質との相互作用で正しいのはどれか。,熱中性子では相互作用は生じない。,物質の軌道電子との相互作用が主である。,減速材として高原子番号の物質が用いられる。,中性子捕獲断面積は中性子の速度に比例する。,速中性子は物質の厚さとともに指数関数的に減少する。,5,,放射線物理学,第77回(2025),普通
[B64] 超音波の減衰で正しいのはどれか。,音速に依存する。,媒質の粘性に依存しない。,減衰量は周波数に反比例する。,減衰量は媒質の厚さに反比例する。,吸収された超音波のエネルギーは熱に変換される。,5,,放射線物理学,第77回(2025),普通
[B65] 電界と磁界に関する量と単位の組合せで誤っているのはどれか。,透磁率 — H/m,導電率 — S/m,誘電率 — F/m,磁気抵抗 — A･Wb,電界の強さ — V/m,4,,医用工学,第77回(2025),普通
[B66] 変圧器に使用する絶縁油に求められる性状で適切でないのはどれか。,粘度が高い。,引火点が高い。,比熱が大きい。,絶縁耐力が大きい。,化学的に安定である。,1,,医用工学,第77回(2025),普通
[B67] IGBT〈絶縁ゲート形バイポーラトランジスタ〉で誤っているのはどれか。,コレクタ電流の大きさを制御できる。,MOS FETと比較してオン抵抗が小さい。,ゲート、エミッタ及びコレクタの端子を持つ。,MOS FETとトランジスタを組合せた構造である。,バイポーラトランジスタと比較してスイッチング速度が遅い。,5,,医用工学,第77回(2025),普通
[B68] 中性子線に対して定義されている量はどれか。2つ選べ。,飛程,カーマ,照射線量,線エネルギー付与,質量エネルギー吸収係数,"2,5",,放射線計測学,第77回(2025),普通
[B69] 放射線源からの放射線を測定するとき、測定時間の全計数値をとする。標準偏差を含む計数率はどれか。,±,±,±,±,±,4,,放射線計測学,第77回(2025),普通
[B70] GM計数管の分解時間が影響する特性はどれか。,空間分解能,真の計数率,方向依存性,エネルギー分解能,幾何学的検出効率,2,,放射線計測学,第77回(2025),普通
[B71] 高エネルギーX線の深部量百分率曲線の図を示す。正しいのはどれか。ただし、照射野は全て等しいものとする。,1,2,3,4,5,4,,放射線計測学,第77回(2025),普通
[B72] 60 Co γ線のエネルギースペクトル測定の結果を図に示す。エスケープピークはどれか。,ア,イ,ウ,エ,オ,1,,放射線計測学,第77回(2025),普通
[B73] 三次元画像に含まれないのはどれか。,仮想内視鏡,表面表示画像,最大値投影画像,仮想単色X線画像,ボリュームレンダリング画像,4,,診療画像機器学,第77回(2025),普通
[B74] FPDで正しいのはどれか。2つ選べ。,画素サイズは10〜20 µmである。,I. I.に比べダイナミックレンジが狭い。,パルス照射による動画撮影が可能である。,X線検出から信号出力までリアルタイムに行える。,直接変換方式は間接変換方式に比べ構造が複雑である。,"3,4",,診療画像機器学,第77回(2025),普通
[B75] インバータ式X線高電圧装置で正しいのはどれか。2つ選べ。,単相電源ではフィードバック制御はできない。,単相電源で三相X線装置並みの線質を得られる。,装置の定格出力は電源インピーダンスに依存する。,インバータ回路は半導体制御素子6個をブリッジ形に接続する。,非共振形装置の管電圧制御はインバータ周波数を変化させることで行う。,"2,3",,診療画像機器学,第77回(2025),普通
[B76] 自動露出制御装置で誤っているのはどれか。,カセッテ前面検出方式は検出器自体が障害陰影となる。,管電圧特性はX線受像器と検出器の入射X線量の差による。,長時間特性は検出器に使用する光電子増倍管の暗電流による。,被写体厚特性は被写体の薄い短時間撮影領域での濃度低下による。,短時間特性はX線停止信号と実際のX線照射停止までの遅れ時間による。,4,,診療画像機器学,第77回(2025),普通
[B77] 散乱線除去グリッドで正しいのはどれか。,平行グリッドには使用距離限界がある。,グリッド露出係数は全放射線透過率の逆数で表す。,グリッド密度は中心部1 cmの吸収はくの重さで表す。,グリッド比は中心部の吸収はくの高さに対するはくの間隔の比で表す。,イメージ改善係数は全放射線透過率に対する一次放射線透過率の比で表す。,2,,診療画像機器学,第77回(2025),普通
[B78] X線透視撮影装置で正しいのはどれか。,近接式は術者のX線防護が不要である。,近接式は遠隔式に比べ患者の正確な整位変換が困難である。,透視積算タイマは連続して15分まで警告なしで使用できる。,アンダーテーブルX線管形はオーバーテーブルX線管形に比べ術者の被ばくは少ない。,オーバーテーブルX線管形はアンダーテーブルX線管形に比べ患者の体位変換が困難である。,4,,診療画像機器学,第77回(2025),普通
[B79] 歯科用X線撮影で正しいのはどれか。,セファロ撮影は2倍拡大撮影である。,セファロ撮影は歯髄観察目的で行われる。,パノラマX線撮影ではスリットが用いられる。,口内法用X線撮影は2方向撮影によって行われる。,口内法用X線撮影装置の管電圧は100 kVを用いる。,3,,診療画像機器学,第77回(2025),普通
[B80] X線CT装置の体軸方向の空間分解能に影響するのはどれか。2つ選べ。,FOV,スライス厚,ピッチ係数,X線検出効率,マトリクス数,"2,3",,診療画像機器学,第77回(2025),普通
[B81] 医療機器の品質管理で正しいのはどれか。,不変性試験は納入業者が行う。,日常点検は始業点検のみである。,機器設置前に現状試験を実施する。,新規の機器設置時に受入試験を実施する。,医療機器安全管理責任者は医師の資格が必要である。,4,,診療画像機器学,第77回(2025),普通
[B82] I. I.の性能評価項目で正しいのはどれか。2つ選べ。,最大輝度,変換係数,輝度均一性,時間分解能,量子検出効率,"2,5",,診療画像機器学,第77回(2025),普通
[B83] X線撮影における基準点・線を別に示す。正しい組合せはどれか。【別冊No.7 図】,ア — 喉頭隆起,イ — 剣状突起,ウ — 肩甲骨下線,エ — Jacoby〈ヤコビー〉線,オ — 小転子,2,,X線撮影技術学,第77回(2025),普通
[B84] 焦点サイズが0.1 mmのX線管を使用して拡大撮影を行う。半影を0.2 mmまで許容できるとき、最大となる拡大率［倍］はどれか。,1.5,2.0,2.5,3.0,3.5,4,,X線撮影技術学,第77回(2025),普通
[B85] 血管造影検査で患者の被ばく低減につながるのはどれか。,照射野を広くする。,透視時間を長くする。,幾何学的拡大透視を多用する。,透視時のパルスレートを下げる。,撮影時のフレームレートを上げる。,4,,X線撮影技術学,第77回(2025),普通
[B86] X線撮影体位を別に示す。撮影法で正しいのはどれか。【別冊No.8 図】,Lorenz〈ローレンツ〉法,Guthmann〈グースマン〉法,Anthonsen〈アントンセン〉法,Rosenberg〈ローゼンバーグ〉法,Lauenstein〈ラウエンシュタイン〉法,4,,X線撮影技術学,第77回(2025),普通
[B87] 胸部X線撮影で遠距離撮影を行う理由はどれか。,散乱線の減少,肩甲骨陰影の消失,呼吸停止時間の短縮,心臓陰影拡大の抑制,画像コントラストの向上,4,,X線撮影技術学,第77回(2025),普通
[B88] 胃部X線造影検査で正しいのはどれか。2つ選べ。,検査後は飲水を制限する。,胃小区の描出は二重造影で行う。,炭酸ガスを使用して胃を膨らませる。,硫酸バリウムの使用量は500 mL程度である。,Brown〈ブラウン〉法による前処置を実施する。,"2,3",,X線撮影技術学,第77回(2025),普通
[B89] 頭部CTで正しいのはどれか。,上肢を挙上させた体位とする。,白質のCT値は灰白質より高い。,スライスの基準線は耳垂直線とする。,perfusion CTによって脳循環動態を把握できる。,造影検査ではイオン性モノマー型造影剤を使用する。,4,,X線撮影技術学,第77回(2025),普通
[B90] 最も高いCT値を示すのはどれか。,脳,肺,乳房,甲状腺,骨格筋,4,,X線撮影技術学,第77回(2025),普通
[B91] 足部のX線写真を別に示す。破線で示すのはどれか。【別冊No.9 図】,MP関節,DIP関節,PIP関節,Chopart〈ショパール〉関節,Lisfranc〈リスフラン〉関節,5,,X線撮影技術学,第77回(2025),普通
[B92] 骨盤部のCT像を別に示す。矢印で示すのはどれか。【別冊No.10 図】,子 — 宮,精 — 巣,直 — 腸,膀 — 胱,卵 — 巣,1,,X線撮影技術学,第77回(2025),普通
"[B93] あるデジタルX線画像システムで撮影したときの、単位面積1 mm2当たりの平均入射X線量子数が1,000個で、出力画像のSNRは20であった。このシステムのDQEの値はどれか。",0.2,0.3,0.4,0.5,0.6,3,,画像工学,第77回(2025),普通
[B94] 焦点検出器間距離を100 cmから120 cmに変え、その他の条件を同一としてX線撮影を実施した。受像面のX線量の倍数で最も近い値はどれか。,0.69,0.83,1.20,1.44,2.00,1,,画像工学,第77回(2025),普通
[B95] ROC解析で正しいのはどれか。,ROC曲線の横軸は真陽性率である。,ROC曲線下の面積の最大値は0.5である。,ROCの解析結果は物理的評価と一致する。,ROC曲線は信号コントラストの高低に影響されない。,ROC曲線間の統計的有意差検定にJackknife法が用いられる。,5,,画像工学,第77回(2025),普通
[B96] 放射性物質を取り込んだ子どもに対する預託実効線量において、摂取した年齢からの評価期間で正しいのはどれか。,40歳まで,50歳まで,60歳まで,70歳まで,80歳まで,4,,放射線安全管理学,第77回(2025),普通
[B97] 医療法施行規則の診療用放射線に係る安全管理体制で誤っているのはどれか。,医療放射線安全管理責任者を配置する。,診療用放射線の安全利用のための指針を策定する。,全身用X線CT診断装置の線量管理および線量記録を行う。,放射線の過剰被ばくその他の放射線診療に関する事例発生時の対応等に関する研修を行う。,放射線診療に従事する者に対する診療用放射線の安全利用のための研修を2年に1回行う。,5,,放射線安全管理学,第77回(2025),普通
[B98] 電離放射線障害防止規則で正しいのはどれか。,皮膚の等価線量は500 mSv/月を超えないようにする。,眼の水晶体の等価線量は150 mSv/年を超えないようにする。,妊娠可能な女性の実効線量は5 mSv/ 3月を超えないようにする。,眼の水晶体の等価線量は6か月ごとに算定、記録および保存をする。,妊娠中の女性の腹部表面に受ける等価線量は2 mSv/ 3月を超えないようにする。,3,,放射線安全管理学,第77回(2025),普通
[B99] GM管式サーベイメータによる表面汚染検査で正しいのはどれか。,β線のエネルギーの測定ができる。,30 cm/s程度で素早くプローブを走査する。,最初に時定数を短くして汚染箇所を特定する。,方向を問わず一定の感度でβ線を測定できる。,汚染防止のためプローブ全体をアルミニウムフィルタで保護する。,3,,放射線安全管理学,第77回(2025),普通
[B100] 18 Fを200 MBq投与直後に患者から2 mの距離で5分間、年間50回対応した放射線業務従事者の年間被ばく線量［µSv］に最も近いのはどれか。ただし、18Fの実効線量率定数は0.14 µSv・m2・MBq−1・h−1とする。,30,60,120,240,480,1,,放射線安全管理学,第77回(2025),普通
